raw_value,source,polity,polity_group,notes
GB,*,Great Britain,British,UKHO ISO 3166-1 alpha-2
UK,*,United Kingdom,British,
DE,*,Germany,German,
FR,*,France,French,
NL,*,Netherlands,Dutch,
US,*,United States,American,
ES,*,Spain,Spanish,
PT,*,Portugal,Portuguese,
DK,*,Denmark,Danish,
SE,*,Sweden,Swedish,
NO,*,Norway,Norwegian,
IT,*,Italy,Italian,
RU,*,Russia,Russian,
GR,*,Greece,Greek,
TR,*,Ottoman Empire,Ottoman,
PL,*,Poland,Polish,
BR,*,Brazil,Portuguese,
AR,*,Argentina,Spanish,
BE,*,Belgium,Belgian,
CA,*,Canada,British,
AU,*,Australia,British,
IE,*,Ireland,British,
IN,*,India,British,
ZA,*,South Africa,British,
FI,*,Finland,Russian,
AT,*,Austria,Austrian,
CH,*,Switzerland,Swiss,
Royal Navy,*,Great Britain,British,
British Navy,*,Great Britain,British,
French Navy,*,France,French,
Spanish Navy,*,Spain,Spanish,
Armada,*,Spain,Spanish,
Armada Española,*,Spain,Spanish,
Real Armada,*,Spain,Spanish,
VOC,*,Dutch Republic,Dutch,
Dutch Navy,*,Dutch Republic,Dutch,
United Provinces,*,Dutch Republic,Dutch,
Dutch Republic,*,Dutch Republic,Dutch,
Admiralty of Amsterdam,*,Dutch Republic,Dutch,
United States Navy,*,United States,American,
US Navy,*,United States,American,
Continental Navy,*,United States,American,
Revenue Cutter Service,*,United States,American,
Danish Navy,*,Denmark,Danish,
Royal Danish Navy,*,Denmark,Danish,
Swedish Navy,*,Sweden,Swedish,
Royal Swedish Navy,*,Sweden,Swedish,
Portuguese Navy,*,Portugal,Portuguese,
Ottoman Navy,*,Ottoman Empire,Ottoman,
Russian Navy,*,Russia,Russian,
Royal Netherlands Navy,*,Netherlands,Dutch,
Kingdom of France,*,France,French,
Great Britain,*,Great Britain,British,
United Kingdom,*,United Kingdom,British,
Spain,*,Spain,Spanish,
Portugal,*,Portugal,Portuguese,
France,*,France,French,
Netherlands,*,Netherlands,Dutch,
United States,*,United States,American,
Denmark,*,Denmark,Danish,
Sweden,*,Sweden,Swedish,
Russia,*,Russia,Russian,
Denmark-Norway,*,Denmark,Danish,
British,*,Great Britain,British,
English,*,Great Britain,British,
French,*,France,French,
Spanish,*,Spain,Spanish,
Dutch,*,Dutch Republic,Dutch,
Portuguese,*,Portugal,Portuguese,
Danish,*,Denmark,Danish,
Swedish,*,Sweden,Swedish,
American,*,United States,American,
Russian,*,Russia,Russian,
Ottoman,*,Ottoman Empire,Ottoman,
