code,label,is_loss,is_capture,captor_polity,stage
1,Voyage completed as intended,false,false,,
2,"Shipwrecked or destroyed, before slaves embarked",true,false,,before_embarkation
3,"Shipwrecked or destroyed, after embarkation of slaves or during slaving",true,false,,after_embarkation
4,"Shipwrecked or destroyed, after disembarkation",true,false,,after_disembarkation
5,Shipwrecked or destroyed - unspecified,true,false,,
6,Captured by pirates or privateers - before slaves embarked,false,true,,
7,Captured by pirates or privateers - after embarkation of slaves,false,true,,
8,Captured by pirates or privateers - after disembarkation,false,true,,
9,Captured by pirates or privateers - unspecified,false,true,,
10,Captured by British - before slaves embarked,false,true,Great Britain,
11,Captured by British - after embarkation of slaves,false,true,Great Britain,
12,Captured by British - after disembarkation,false,true,Great Britain,
13,Captured by British - unspecified,false,true,Great Britain,
14,Captured by Spanish - before slaves embarked,false,true,Spain,
15,Captured by Spanish - after embarkation of slaves,false,true,Spain,
16,Captured by Spanish - after disembarkation,false,true,Spain,
17,Captured by Spanish - unspecified,false,true,Spain,
18,Captured by Dutch - before slaves embarked,false,true,Netherlands,
19,Captured by Dutch - after embarkation of slaves,false,true,Netherlands,
20,Captured by Dutch - after disembarkation,false,true,Netherlands,
21,Captured by Dutch - unspecified,false,true,Netherlands,
22,Captured by Portuguese - before slaves embarked,false,true,Portugal,
23,Captured by Portuguese - after embarkation of slaves,false,true,Portugal,
24,Captured by Portuguese - Americas after disembarkation,false,true,Portugal,
25,Captured by Portuguese - unspecified,false,true,Portugal,
26,Captured - unspecified,false,true,,
27,Condemned - before slaves embarked,false,true,,
28,Condemned - after embarkation of slaves,false,true,,
29,Condemned - Americas after disembarkation,false,true,,
30,Condemned - unspecified,false,true,,
31,Captured by the Barbary Powers before embarking slaves,false,true,,
39,Destroyed - unspecified,true,false,,
40,Sold,false,false,,
41,Left coast with trading cargo intact,false,false,,
42,Taken by Africans,false,true,,
43,Captured by Cie du Senegal,false,true,,
44,Abandoned and/or sold off Africa,false,false,,
45,Captured unspecified before slaves embarked,false,true,,
46,Captured unspecified after embarkation of slaves,false,true,,
47,Captured unspecified after slaves disembarked,false,true,,
48,Captured by pirates - slaves sold in Americas from another ship,false,true,,
49,Sold slaves in Americas - subsequent fate unknown,false,false,,
50,Captured by the French - before slaves embarked,false,true,France,
51,Captured by the French - after embarkation of slaves,false,true,France,
52,Captured by the French - after slaves disembarked,false,true,France,
53,Captured by the French - unspecified,false,true,France,
54,Condemned in the Americas by British after slaves disembarked,false,false,,
55,Pressed into government service,false,false,,
56,Captured by slaves: ship did not reach the Americas,false,true,,
57,Captured by crew: fate unknown,false,false,,
58,Condemned in the Americas by British before slaves disembarked,false,false,,
59,Bought at least one slave in Africa - subsequent fate unknown,false,false,,
66,"Destroyed, lost or sold as result of slave rebellion",true,false,,
67,"Taken, retaken and salvaged before reaching African trade site",false,false,,
68,Sold in the Americas after disembarking slaves,false,false,,
69,"Cut off by Africans from shore, ship did not reach the Americas",false,false,,
70,Sold in the Americas - not known whether ship brought slaves,false,false,,
71,Captured before disembarking slaves; vessel recaptured or released subsequently,false,false,,
72,Driven off the African Coast with slaves on board,false,false,,
73,"Captured by slaves, unknown outcome",false,false,,
74,"Captured by crew, did not land slaves in the Americas",false,true,,
75,Lost before reaching Americas: slaves reached port in other ships,true,false,,after_embarkation
76,Some slaves removed by pirates/privateers,false,false,,
77,"Arrived in Africa, subsequent fate unknown",false,false,,
78,Captured and recaptured after disembarking slaves,false,false,,
79,Crew mutiny; slaves landed in the Americas,false,false,,
80,Cut off by Africans from shore. Recaptured and landed slaves in Americas,false,false,,
81,"Captured by slaves, recaptured and landed slaves in the Americas",false,false,,
82,"Captured by slaves, recaptured and landed slaves in the Americas, lost",false,false,,
85,Completed voyage after slaves removed for salvage,false,false,,
86,Ship returned direct to home port after selling slaves to another vessel,false,false,,
87,"Taken by slaves, vessel recaptured, unknown outcome",false,false,,
88,Sold prematurely in Europe after disembarking slaves in the Americas,false,false,,
89,"Captured by the crew, slaves sold in Africa",false,false,,
90,"Captured by the crew, no slaves taken, crew sold gold in Europe",false,false,,
91,"Condemned in Africa with slaves, slaves transshipped/sold",false,false,,
92,Returned direct to Africa after bringing slaves to the Americas,false,false,,
93,Returned to Europe or Americas without obtaining slaves,false,false,,
94,Laid up (disarmed) or broken up in Africa,false,false,,
95,Laid up (disarmed) or broken up in the Americas,false,false,,
96,Either shipwrecked or captured by pirates before slaves taken on board,true,false,,before_embarkation
97,Abandoned or condemned for un-seaworthiness in the Americas,false,false,,
98,Ship and slaves sold in Africa,false,false,,
99,"Taken by slaves, recaptured, then ship lost",true,false,,after_embarkation
102,"Vice-Admiralty Court, St. Helena, condemned",false,false,,
103,"Vice-Admiralty Court, St. Helena, restored",false,false,,
104,"Vice-Admiralty Court, British Guiana, condemned",false,false,,
105,"Vice-Admiralty Court, British Guiana, restored",false,false,,
106,"Vice-Admiralty Court, Cape of Good Hope, condemned",false,false,,
107,"Vice-Admiralty Court, Cape of Good Hope, restored",false,false,,
108,"Vice-Admiralty Court, Jamaica, condemned",false,false,,
109,"Vice-Admiralty Court, Jamaica, restored",false,false,,
110,"Vice-Admiralty Court, Sierra Leone, condemned",false,false,,
111,"Vice-Admiralty Court, Sierra Leone, restored",false,false,,
112,"Vice-Admiralty Court, Barbados, condemned",false,false,,
113,"Vice-Admiralty Court, Barbados, restored",false,false,,
114,"Vice-Admiralty Court, Mauritius, condemned",false,false,,
115,"Vice-Admiralty Court, Mauritius, restored",false,false,,
118,"High Court of Admiralty, condemned",false,false,,
119,"High Court of Admiralty, restored",false,false,,
120,"Court of Mixed Commission, Sierra Leone, condemned",false,false,,
121,"Court of Mixed Commission, Sierra Leone, restored",false,false,,
122,"Court of Mixed Commission, Havana, condemned",false,false,,
123,"Court of Mixed Commission, Havana, restored",false,false,,
124,"Court of Mixed Commission, Rio de Janeiro, condemned",false,false,,
125,"Court of Mixed Commission, Rio de Janeiro, restored",false,false,,
126,"Court of Mixed Commission, Luanda, condemned",false,false,,
127,"Court of Mixed Commission, Luanda, restored",false,false,,
128,"Court of Mixed Commission, Cape of Good Hope, condemned",false,false,,
129,"Court of Mixed Commission, Cape of Good Hope, restored",false,false,,
130,"Lagos, Vice-Admiralty Court, condemned",false,false,,
132,"Vice-Admiralty Court, Antigua, condemned",false,false,,
134,"Vice-Admiralty Court, Tortola, condemned",false,false,,
135,"Vice-Admiralty Court, Tortola, restored",false,false,,
136,"Vice-Admiralty Court, Halifax, condemned",false,false,,
138,"Vice-Admiralty Court, unspecified, condemned",false,false,,
139,"Vice-Admiralty Court, unspecified, restored",false,false,,
141,Given up to the United States government,false,false,,
142,Arrested by Brazil or given up to the Brazilian government,false,false,,
144,"Vice Admiralty Court, Dominica, condemned",false,false,,
148,"Vice-Admiralty Court, Bahamas, condemned",false,false,,
149,"Vice-Admiralty Court, Bahamas, restored",false,false,,
153,Captured and released without court proceedings,false,false,,
154,Driven or run on shore in the Americas: no court proceedings,false,false,,
155,"Given up to the Mexican Government, Veracruz",false,false,,
156,Taken to Genoa and given up to Sardinian authorities,false,false,,
157,Abandoned in Europe after completing voyage,false,false,,
159,Captured by Argentinian privateers after embarkation of slaves,false,false,,
160,Captured by United States before slaves embarked,false,false,,
161,Captured by United States with slaves,false,false,,
162,Captured by United States after slaves disembarked,false,false,,
163,"Captured by United States, slave presence unspecified",false,false,,
164,"French proceedings initiated in Africa, acquittal",false,false,,
165,"French proceedings initiated in Africa, condemned",false,false,,
166,"French proceedings initiated in Africa, unknown outcome",false,false,,
170,"French proceedings, initiated in unknown location, acquittal",false,false,,
171,"French proceedings, initiated in unknown location, condemned",false,false,,
172,"French proceedings, initiated in unknown location, unknown outcome",false,false,,
173,"French proceedings initiated in Guadeloupe, acquittal",false,false,,
174,"French proceedings initiated in Guadeloupe, condemned",false,false,,
175,"French proceedings initiated in Guadeloupe, unknown outcome",false,false,,
176,"French proceedings initiated in Martinique, acquittal",false,false,,
177,"French proceedings initiated in Martinique, condemned",false,false,,
178,"French proceedings initiated in Martinique, unknown outcome",false,false,,
179,"French proceedings initiated in Cayenne, acquittal",false,false,,
180,"French proceedings initiated in Cayenne, condemned",false,false,,
181,"French proceedings initiated in Cayenne, unknown outcome",false,false,,
182,"French proceedings initiated in France, acquittal",false,false,,
183,"French proceedings initiated in France, condemned",false,false,,
184,"French proceedings initiated in France, unknown outcome",false,false,,
185,Detained and condemned in the United States after slaves disembarked,false,false,,
186,"Captured by Dutch, slaves turned loose in Africa",false,false,,
187,"Captured by Dutch, slaves turned loose in Brazil",false,false,,
188,Temporarily detained by the Dutch: Voyage allowed to continue with slaves,false,false,,
189,"Slaves removed by Dutch and vessel allowed to continue, subsequent fate unknown",false,false,,
191,Captured by Portuguese and Dutch,false,false,,
192,Captured by Algerian pirates,false,false,,
193,Captured by Turks,false,false,,
194,"Captured by British, released",false,false,,
195,Looted by Dutch at Elmina,false,false,,
196,Captured first by the British and then by the Dutch after slaves embarked,false,false,,
198,Vessel driven back into port of departure by British and voyage aborted,false,false,,
199,Arrived in Brazil and refused permission to disembark,false,false,,
200,Ship and cargo captured by Africans and ship released,false,false,,
201,Ship captured by Haitian navy and slaves released in Haiti,false,false,,
202,Condemned at Gorée by the British,false,false,,
203,"Captured by the British, retaken by original crew, completed voyage",false,false,,
204,"Captured by pirates after slaves embarked, ship and slaves burned",false,false,,
205,"Captured by English, slaves turned loose on Spanish Main",false,false,,
206,Sold slaves in Africa,false,false,,
207,"Sold slaves in Europe, subsequent fate unknown",false,false,,
208,"Left home port, no further record",false,false,,
209,Captured by pirates and burned,false,false,,
210,"Looted by pirates, voyage continued",false,false,,
211,Captured by Venezuelans before disembarkation of slaves,false,false,,
212,Captured by the Swedes,false,false,,
213,Captured by the Dominican Republic,false,false,,
214,No slaves embarked,false,false,,
304,"Departed an American port with slaves, subsequent fate unknown",false,false,,
305,Returned to port of embarkation without having sold slaves,false,false,,
306,Privateer captured slaves at sea and delivered for sale in America,false,false,,
307,Prisoners of war stole slaves during escape and carried to port of sale,false,false,,
308,"Contracted to carry slaves within the Americas, subsequent fate unknown",false,false,,
309,Captives seized from vessel by Spanish officials and sold,false,false,,
310,"Captured by slaves, slaves returned to Africa as free people",false,false,,
311,"Shipwrecked, slaves salvaged",false,false,,
312,"Captured by slaves, slaves freed by British authorities",false,false,,
313,"Shipwrecked, slaves freed by British authorities",false,false,,
