code,label,polity
1,Spain,Spain
2,Uruguay,Uruguay
3,Spain / Uruguay,Spain / Uruguay
4,Portugal,Portugal
5,Brazil,Brazil
6,Portugal / Brazil,Portugal / Brazil
7,Great Britain,Great Britain
8,Netherlands,Netherlands
9,U.S.A.,United States
10,France,France
11,Denmark,Denmark
12,"Hanse Towns, Brandenburg",Hanse Towns
13,Sweden,Sweden
14,Norway,Norway
15,Denmark / Baltic,Denmark
16,Argentina,Argentina
17,Russia,Russia
18,Sardinia,Sardinia
19,Mexico,Mexico
24,Genoa,Genoa
25,Duchy of Courland,Courland
26,Prussia,Prussia
27,Bremen,Bremen
28,Austria,Austria
29,Germany,Germany
30,Other,
31,Texas,Texas
